name,length
User1,3.816997373
User2,2.052282175